total energy,Van der Waals,Electrostatics,Solvation Polar,entropy sidechain,entropy mainchain,label,ESI,mut,mut_type
573.104,-2290.81,-9.87509,3265.78,1039.82,3339.48,L,3,K238A,hetero
581.639,-2291.03,-7.45639,3267.25,1033.57,3337.69,L,3,K238A,hetero
577.931,-2290.82,-8.69028,3267.27,1038.09,3339.25,L,3,K238A,hetero
580.589,-2290.75,-8.5513,3267.52,1035.28,3337.82,L,3,K238A,hetero
576.064,-2291.34,-9.61834,3267.11,1037.59,3339.22,L,3,K238A,hetero
575.249,-2291.08,-9.57763,3267.16,1039.26,3338.82,L,3,K238A,hetero
574.112,-2291.07,-10.5616,3267.22,1039.77,3340.17,L,3,K238A,hetero
576.468,-2290.72,-8.93649,3266.96,1038.08,3338.13,L,3,K238A,hetero
581.162,-2290.9,-8.45053,3268.34,1034.62,3337.66,L,3,K238A,hetero
573.929,-2290.98,-9.61255,3266.71,1037.43,3338.19,L,3,K238A,hetero
565.671,-2294.63,-12.0046,3271.0,1045.9,3338.9,N,3,"E239K;E230K, E239K",hetero
574.699,-2294.87,-10.2513,3273.4,1041.37,3338.32,N,3,"E239K;E230K, E239K",hetero
570.057,-2294.66,-10.9895,3272.19,1044.57,3339.16,N,3,"E239K;E230K, E239K",hetero
573.541,-2294.05,-10.7,3272.28,1042.04,3338.01,N,3,"E239K;E230K, E239K",hetero
568.025,-2295.34,-11.653,3271.92,1044.45,3339.34,N,3,"E239K;E230K, E239K",hetero
566.842,-2295.37,-12.083,3272.52,1045.9,3338.69,N,3,"E239K;E230K, E239K",hetero
565.699,-2295.28,-12.6186,3271.95,1045.51,3339.23,N,3,"E239K;E230K, E239K",hetero
569.268,-2294.61,-11.0642,3272.62,1044.7,3337.87,N,3,"E239K;E230K, E239K",hetero
574.126,-2294.31,-10.8528,3273.28,1041.52,3338.32,N,3,"E239K;E230K, E239K",hetero
566.91,-2295.01,-12.383,3272.1,1043.49,3338.34,N,3,"E239K;E230K, E239K",hetero
524.733,-2297.06,-11.311,3257.16,1050.31,3338.75,O,3,"K238E,E239K",hetero
524.712,-2297.64,-12.1589,3258.15,1048.05,3335.86,O,3,"K238E,E239K",hetero
524.004,-2297.02,-12.4771,3255.7,1045.76,3338.29,O,3,"K238E,E239K",hetero
523.662,-2294.92,-12.3009,3252.14,1046.57,3337.53,O,3,"K238E,E239K",hetero
517.005,-2296.41,-11.9743,3253.69,1049.0,3337.45,O,3,"K238E,E239K",hetero
522.928,-2296.32,-11.3255,3255.0,1047.73,3337.99,O,3,"K238E,E239K",hetero
517.54,-2296.5,-12.7709,3253.85,1047.02,3337.37,O,3,"K238E,E239K",hetero
521.058,-2296.84,-11.1687,3256.23,1049.31,3337.22,O,3,"K238E,E239K",hetero
523.473,-2296.03,-11.5022,3254.33,1047.3,3337.03,O,3,"K238E,E239K",hetero
527.134,-2294.83,-10.9715,3254.07,1048.05,3337.43,O,3,"K238E,E239K",hetero
525.249,-2292.11,-13.8352,3252.37,1050.7,3337.47,Q,3,"E230K;E230K,E239K",hetero
525.398,-2293.09,-12.817,3254.47,1056.39,3337.76,Q,3,"E230K;E230K,E239K",hetero
525.351,-2292.74,-13.1756,3253.32,1054.95,3340.17,Q,3,"E230K;E230K,E239K",hetero
521.458,-2291.81,-13.8076,3250.73,1051.54,3338.41,Q,3,"E230K;E230K,E239K",hetero
517.789,-2291.54,-12.6024,3250.62,1052.03,3337.64,Q,3,"E230K;E230K,E239K",hetero
523.449,-2293.0,-12.9876,3252.98,1053.52,3338.85,Q,3,"E230K;E230K,E239K",hetero
524.714,-2291.6,-13.2567,3251.71,1054.3,3338.1,Q,3,"E230K;E230K,E239K",hetero
526.03,-2292.28,-12.8869,3253.37,1053.55,3337.24,Q,3,"E230K;E230K,E239K",hetero
526.623,-2292.34,-13.2893,3253.77,1054.44,3338.05,Q,3,"E230K;E230K,E239K",hetero
528.293,-2291.27,-12.3773,3253.33,1051.62,3338.48,Q,3,"E230K;E230K,E239K",hetero
535.163,-2290.39,-11.7353,3250.9,1051.51,3341.56,P,3,"E241A;E230K,E239K",hetero
531.813,-2289.93,-12.9442,3248.69,1048.19,3340.79,P,3,"E241A;E230K,E239K",hetero
535.6,-2290.6,-11.8243,3251.59,1052.11,3341.3,P,3,"E241A;E230K,E239K",hetero
531.911,-2290.61,-12.4449,3250.58,1051.53,3340.81,P,3,"E241A;E230K,E239K",hetero
534.7,-2292.4,-12.2733,3253.74,1054.26,3342.17,P,3,"E241A;E230K,E239K",hetero
536.475,-2291.32,-11.6828,3253.78,1053.92,3341.3,P,3,"E241A;E230K,E239K",hetero
535.887,-2289.19,-13.1012,3249.12,1048.67,3339.74,P,3,"E241A;E230K,E239K",hetero
535.726,-2291.95,-14.2652,3256.23,1053.07,3342.25,P,3,"E241A;E230K,E239K",hetero
533.484,-2289.4,-13.2389,3249.07,1051.67,3341.33,P,3,"E241A;E230K,E239K",hetero
530.12,-2290.68,-11.8681,3248.87,1049.21,3340.38,P,3,"E241A;E230K,E239K",hetero
528.327,-2290.93,-13.8495,3251.22,1052.67,3339.52,R,2,"K238E,E230K",hetero
525.698,-2290.4,-13.9532,3250.43,1050.35,3338.45,R,2,"K238E,E230K",hetero
528.764,-2291.42,-14.6283,3252.42,1056.35,3338.51,R,2,"K238E,E230K",hetero
525.603,-2292.29,-14.5072,3253.28,1055.89,3339.63,R,2,"K238E,E230K",hetero
528.095,-2290.85,-14.2393,3250.39,1052.26,3338.91,R,2,"K238E,E230K",hetero
530.081,-2291.43,-14.2064,3252.91,1054.21,3338.74,R,2,"K238E,E230K",hetero
528.867,-2291.15,-13.7906,3250.26,1051.03,3337.86,R,2,"K238E,E230K",hetero
527.121,-2293.26,-15.8989,3256.36,1056.63,3339.63,R,2,"K238E,E230K",hetero
527.669,-2290.91,-14.3697,3250.59,1053.75,3339.18,R,2,"K238E,E230K",hetero
522.973,-2291.76,-14.8653,3250.5,1053.79,3338.69,R,2,"K238E,E230K",hetero
511.954,-2295.32,-13.5491,3252.98,1056.62,3335.46,D,4,"E230K,E239K",hetero
507.974,-2296.25,-14.0818,3253.63,1056.28,3337.26,D,4,"E230K,E239K",hetero
514.686,-2295.69,-14.7022,3255.12,1054.82,3337.26,D,4,"E230K,E239K",hetero
513.592,-2296.59,-14.1834,3256.54,1055.91,3336.92,D,4,"E230K,E239K",hetero
514.122,-2295.95,-13.0414,3256.7,1059.89,3336.49,D,4,"E230K,E239K",hetero
512.451,-2294.49,-13.5354,3251.85,1055.32,3334.97,D,4,"E230K,E239K",hetero
509.007,-2297.96,-13.2086,3256.14,1059.06,3336.77,D,4,"E230K,E239K",hetero
506.748,-2298.06,-14.0935,3256.13,1058.04,3335.84,D,4,"E230K,E239K",hetero
508.538,-2296.83,-13.1592,3255.54,1058.99,3335.9,D,4,"E230K,E239K",hetero
512.033,-2294.47,-13.4344,3251.46,1057.31,3335.07,D,4,"E230K,E239K",hetero
525.083,-2292.93,-12.2063,3252.42,1054.85,3338.58,B,5,E230K,hetero
521.539,-2290.91,-8.59135,3249.89,1056.9,3339.88,B,5,E230K,hetero
527.137,-2292.24,-13.607,3250.16,1052.66,3338.51,B,5,E230K,hetero
523.925,-2294.08,-11.8775,3253.72,1054.98,3338.48,B,5,E230K,hetero
525.634,-2292.44,-12.2084,3252.74,1059.0,3340.02,B,5,E230K,hetero
524.313,-2292.63,-12.4511,3251.53,1054.21,3339.24,B,5,E230K,hetero
520.367,-2293.81,-12.8911,3251.54,1056.3,3338.41,B,5,E230K,hetero
519.219,-2293.35,-11.5212,3251.55,1058.17,3338.8,B,5,E230K,hetero
522.486,-2291.39,-7.59069,3252.04,1059.18,3338.17,B,5,E230K,hetero
525.406,-2288.83,-8.58039,3247.21,1058.61,3338.35,B,5,E230K,hetero
508.549,-2291.75,-13.4849,3243.57,1049.48,3339.76,C,5,E239K,hetero
509.475,-2289.47,-12.0138,3240.67,1047.6,3338.38,C,5,E239K,hetero
502.44,-2292.73,-13.7398,3243.15,1049.79,3339.59,C,5,E239K,hetero
508.006,-2292.77,-13.8898,3244.84,1048.77,3339.17,C,5,E239K,hetero
511.322,-2293.01,-12.2873,3244.96,1050.97,3339.94,C,5,E239K,hetero
504.48,-2292.42,-12.287,3244.43,1050.31,3339.56,C,5,E239K,hetero
503.736,-2290.76,-11.9489,3240.93,1050.4,3337.76,C,5,E239K,hetero
507.815,-2291.21,-13.5141,3243.56,1049.68,3338.74,C,5,E239K,hetero
500.875,-2291.14,-14.0454,3242.4,1050.87,3338.56,C,5,E239K,hetero
511.914,-2291.43,-13.0393,3244.95,1048.78,3339.23,C,5,E239K,hetero
519.404,-2294.13,-10.4718,3254.21,1056.68,3339.85,E,4,"E230K,E239K;K238E,E230K",hetero
522.063,-2293.36,-11.3504,3252.17,1054.8,3339.44,E,4,"E230K,E239K;K238E,E230K",hetero
515.106,-2295.4,-10.3021,3254.9,1057.27,3339.43,E,4,"E230K,E239K;K238E,E230K",hetero
519.087,-2293.51,-13.1484,3250.39,1056.01,3340.53,E,4,"E230K,E239K;K238E,E230K",hetero
520.267,-2295.83,-13.3849,3256.12,1060.23,3340.9,E,4,"E230K,E239K;K238E,E230K",hetero
519.856,-2295.74,-8.02783,3257.91,1059.09,3338.38,E,4,"E230K,E239K;K238E,E230K",hetero
517.307,-2295.1,-11.7026,3254.24,1060.82,3338.58,E,4,"E230K,E239K;K238E,E230K",hetero
520.635,-2294.84,-11.3716,3254.95,1055.52,3338.44,E,4,"E230K,E239K;K238E,E230K",hetero
516.839,-2292.56,-12.1643,3250.55,1056.32,3338.04,E,4,"E230K,E239K;K238E,E230K",hetero
523.23,-2295.34,-12.181,3257.86,1055.42,3339.1,E,4,"E230K,E239K;K238E,E230K",hetero
539.949,-2292.4,-7.83367,3253.54,1054.18,3341.73,F,4,E230K;K238E,hetero
540.699,-2292.48,-9.37936,3255.21,1050.22,3340.84,F,4,E230K;K238E,hetero
539.3,-2290.95,-9.6513,3251.06,1049.95,3340.44,F,4,E230K;K238E,hetero
539.624,-2291.56,-9.12696,3252.91,1052.8,3341.19,F,4,E230K;K238E,hetero
544.413,-2290.25,-9.19365,3250.65,1047.61,3338.46,F,4,E230K;K238E,hetero
539.145,-2290.0,-9.85331,3250.29,1047.81,3340.77,F,4,E230K;K238E,hetero
539.859,-2290.84,-10.2472,3250.83,1052.58,3342.18,F,4,E230K;K238E,hetero
533.595,-2291.14,-9.37289,3250.44,1050.78,3339.0,F,4,E230K;K238E,hetero
541.674,-2290.62,-9.77298,3251.81,1049.51,3341.79,F,4,E230K;K238E,hetero
540.996,-2291.65,-9.77895,3254.14,1051.83,3341.07,F,4,E230K;K238E,hetero
529.063,-2292.43,-12.4011,3251.04,1054.27,3339.03,G,4,E239K;K238E,hetero
528.224,-2291.88,-12.6834,3250.7,1053.46,3339.04,G,4,E239K;K238E,hetero
526.266,-2291.79,-13.5534,3251.26,1056.8,3339.9,G,4,E239K;K238E,hetero
524.133,-2293.61,-13.7709,3252.7,1054.97,3339.46,G,4,E239K;K238E,hetero
528.503,-2292.56,-13.4532,3251.37,1054.44,3339.21,G,4,E239K;K238E,hetero
527.257,-2292.28,-13.3346,3250.64,1055.87,3340.28,G,4,E239K;K238E,hetero
523.334,-2291.62,-13.7798,3249.05,1056.05,3339.67,G,4,E239K;K238E,hetero
520.163,-2292.13,-12.7664,3249.42,1057.08,3338.77,G,4,E239K;K238E,hetero
525.135,-2291.27,-13.555,3248.5,1056.22,3340.6,G,4,E239K;K238E,hetero
526.015,-2293.04,-13.6659,3252.5,1054.65,3340.13,G,4,E239K;K238E,hetero
524.027,-2296.33,-16.4301,3261.92,1053.97,3337.92,M,3,K238Q,hetero
527.954,-2296.82,-18.7483,3265.97,1053.54,3338.71,M,3,K238Q,hetero
535.381,-2295.21,-16.1825,3263.9,1052.22,3339.15,M,3,K238Q,hetero
527.618,-2294.71,-16.3444,3258.57,1051.7,3339.13,M,3,K238Q,hetero
529.332,-2292.42,-16.3595,3255.35,1050.54,3337.04,M,3,K238Q,hetero
524.208,-2295.5,-16.2461,3261.18,1054.31,3337.88,M,3,K238Q,hetero
532.484,-2295.72,-17.3452,3263.84,1052.52,3338.73,M,3,K238Q,hetero
530.876,-2295.23,-18.7111,3263.47,1052.31,3338.23,M,3,K238Q,hetero
531.365,-2295.76,-15.9991,3263.87,1054.48,3339.59,M,3,K238Q,hetero
531.665,-2293.04,-14.9284,3255.32,1050.59,3338.67,M,3,K238Q,hetero
534.251,-2292.01,-11.6631,3259.28,1054.89,3339.6,N,3,"E239K;E230K,E239K",hetero
535.815,-2294.09,-15.4134,3263.03,1055.19,3339.65,N,3,"E239K;E230K,E239K",hetero
539.579,-2292.78,-14.3137,3259.66,1054.14,3341.9,N,3,"E239K;E230K,E239K",hetero
534.968,-2291.71,-13.0177,3255.14,1053.09,3340.34,N,3,"E239K;E230K,E239K",hetero
536.489,-2290.38,-13.7999,3254.58,1054.71,3339.22,N,3,"E239K;E230K,E239K",hetero
533.615,-2291.21,-11.5357,3257.06,1054.77,3339.83,N,3,"E239K;E230K,E239K",hetero
538.271,-2292.6,-15.2182,3261.01,1055.44,3340.31,N,3,"E239K;E230K,E239K",hetero
538.122,-2291.81,-15.6359,3259.39,1049.99,3338.6,N,3,"E239K;E230K,E239K",hetero
539.034,-2293.4,-14.3272,3260.48,1054.55,3341.95,N,3,"E239K;E230K,E239K",hetero
537.936,-2290.66,-12.472,3254.04,1051.54,3339.95,N,3,"E239K;E230K,E239K",hetero
556.604,-2294.48,-14.1577,3269.75,1049.91,3338.48,V,1,"K238E;K238E,E230K",hetero
555.111,-2294.91,-14.4269,3269.78,1048.88,3338.71,V,1,"K238E;K238E,E230K",hetero
556.853,-2295.4,-14.3551,3270.18,1049.08,3338.09,V,1,"K238E;K238E,E230K",hetero
559.468,-2295.64,-15.2897,3271.11,1045.08,3337.73,V,1,"K238E;K238E,E230K",hetero
556.859,-2296.55,-14.0249,3271.88,1049.39,3338.59,V,1,"K238E;K238E,E230K",hetero
555.857,-2294.52,-14.2346,3269.02,1049.69,3338.77,V,1,"K238E;K238E,E230K",hetero
556.447,-2295.47,-14.1042,3269.91,1048.19,3338.23,V,1,"K238E;K238E,E230K",hetero
556.452,-2296.06,-13.1518,3271.21,1050.66,3338.4,V,1,"K238E;K238E,E230K",hetero
557.074,-2293.97,-14.1811,3269.05,1048.03,3338.13,V,1,"K238E;K238E,E230K",hetero
554.132,-2294.69,-13.4769,3269.09,1051.46,3339.25,V,1,"K238E;K238E,E230K",hetero
559.168,-2295.32,-14.7277,3270.53,1047.35,3338.52,W,1,"K238E;K238E,E239K",hetero
558.404,-2295.71,-14.3011,3270.87,1047.39,3338.43,W,1,"K238E;K238E,E239K",hetero
558.927,-2295.95,-14.8859,3271.21,1048.58,3339.32,W,1,"K238E;K238E,E239K",hetero
563.296,-2295.02,-14.0517,3271.59,1044.79,3338.55,W,1,"K238E;K238E,E239K",hetero
559.731,-2296.45,-13.6323,3273.05,1050.05,3339.64,W,1,"K238E;K238E,E239K",hetero
558.951,-2294.99,-13.9158,3269.4,1047.18,3338.45,W,1,"K238E;K238E,E239K",hetero
559.846,-2296.12,-13.5258,3271.89,1048.26,3337.99,W,1,"K238E;K238E,E239K",hetero
558.62,-2295.8,-13.7379,3271.39,1048.83,3338.8,W,1,"K238E;K238E,E239K",hetero
560.559,-2294.32,-14.4705,3268.8,1044.28,3337.86,W,1,"K238E;K238E,E239K",hetero
557.542,-2295.63,-13.2336,3271.21,1051.24,3338.96,W,1,"K238E;K238E,E239K",hetero
541.587,-2293.42,-19.0795,3267.74,1050.37,3338.98,A,6,WT,hetero
543.14,-2292.96,-18.8798,3265.41,1048.46,3340.99,A,6,WT,hetero
542.689,-2294.2,-19.3458,3267.26,1046.44,3339.81,A,6,WT,hetero
538.516,-2293.84,-17.6251,3261.68,1049.56,3341.41,A,6,WT,hetero
540.281,-2293.96,-18.2375,3266.38,1052.56,3340.55,A,6,WT,hetero
538.225,-2292.65,-18.1346,3262.42,1050.54,3340.4,A,6,WT,hetero
541.749,-2294.35,-20.2868,3269.48,1049.89,3339.47,A,6,WT,hetero
538.36,-2292.43,-17.2979,3261.15,1049.68,3338.92,A,6,WT,hetero
541.075,-2292.93,-18.3154,3265.63,1051.18,3340.66,A,6,WT,hetero
539.794,-2291.09,-17.7179,3261.75,1048.91,3339.35,A,6,WT,hetero
544.611,-2292.37,-17.7706,3265.82,1053.45,3339.69,A,6,WT,hetero
544.403,-2292.16,-17.7538,3264.29,1052.38,3340.21,A,6,WT,hetero
544.882,-2290.86,-16.7807,3262.44,1050.55,3339.98,A,6,WT,hetero
541.615,-2291.24,-15.4875,3258.63,1051.08,3339.33,A,6,WT,hetero
543.203,-2290.72,-16.4952,3261.35,1051.14,3340.3,A,6,WT,hetero
542.0,-2291.06,-16.0246,3260.88,1054.91,3340.25,A,6,WT,hetero
545.428,-2291.98,-17.545,3266.23,1052.26,3339.93,A,6,WT,hetero
541.622,-2291.31,-15.9292,3260.02,1048.82,3340.05,A,6,WT,hetero
544.124,-2291.96,-16.6269,3264.55,1052.18,3341.04,A,6,WT,hetero
542.98,-2290.79,-16.2318,3261.78,1051.74,3339.87,A,6,WT,hetero
517.115,-2299.36,-15.5905,3260.89,1056.52,3338.69,A,6,WT,hetero
519.108,-2296.32,-13.0993,3257.93,1056.1,3337.95,A,6,WT,hetero
519.293,-2298.45,-14.3807,3259.92,1053.49,3337.41,A,6,WT,hetero
526.354,-2294.98,-13.3933,3255.17,1047.87,3337.99,A,6,WT,hetero
517.846,-2297.12,-16.2402,3258.25,1051.37,3336.24,A,6,WT,hetero
521.912,-2296.68,-14.385,3259.0,1055.14,3338.45,A,6,WT,hetero
515.877,-2298.61,-15.2501,3261.08,1054.13,3337.66,A,6,WT,hetero
517.959,-2296.62,-14.4536,3258.5,1052.68,3337.43,A,6,WT,hetero
511.391,-2299.1,-14.0658,3262.5,1060.01,3338.24,A,6,WT,hetero
519.61,-2298.06,-14.8467,3261.71,1055.24,3336.84,A,6,WT,hetero
512.485,-2294.8,-14.4123,3251.43,1053.75,3339.97,A,6,WT,hetero
517.299,-2292.34,-13.2992,3250.39,1054.79,3339.21,A,6,WT,hetero
517.911,-2293.49,-13.4746,3249.8,1057.54,3338.38,A,6,WT,hetero
522.725,-2292.7,-13.9234,3251.4,1054.11,3339.49,A,6,WT,hetero
516.536,-2293.63,-13.0521,3250.47,1054.7,3339.45,A,6,WT,hetero
519.515,-2291.97,-12.9712,3249.3,1056.75,3339.4,A,6,WT,hetero
514.916,-2293.5,-13.4645,3251.33,1053.87,3338.29,A,6,WT,hetero
513.907,-2292.21,-12.7754,3248.56,1057.17,3338.58,A,6,WT,hetero
512.635,-2293.22,-12.4192,3251.35,1057.71,3339.03,A,6,WT,hetero
521.27,-2293.4,-11.9539,3252.53,1053.76,3337.74,A,6,WT,hetero
556.336,-2295.16,-11.955,3268.02,1052.01,3341.1,A,6,WT,hetero
558.151,-2296.16,-12.4002,3271.0,1054.19,3341.31,A,6,WT,hetero
555.082,-2297.66,-12.9096,3272.78,1054.37,3341.3,A,6,WT,hetero
551.878,-2296.05,-12.4718,3269.24,1050.84,3341.05,A,6,WT,hetero
559.085,-2295.11,-13.0254,3269.58,1050.01,3340.47,A,6,WT,hetero
557.256,-2296.99,-12.6712,3271.61,1051.71,3341.0,A,6,WT,hetero
549.876,-2297.37,-12.7946,3271.03,1054.26,3340.95,A,6,WT,hetero
550.475,-2296.45,-13.1565,3269.83,1053.68,3339.86,A,6,WT,hetero
555.183,-2296.75,-12.8051,3271.49,1053.0,3341.3,A,6,WT,hetero
558.233,-2295.74,-11.9338,3270.02,1053.11,3340.72,A,6,WT,hetero
552.575,-2295.6,-13.9246,3267.17,1049.29,3338.64,A,6,WT,hetero
554.148,-2296.22,-14.7379,3269.01,1050.45,3339.1,A,6,WT,hetero
552.082,-2296.58,-14.4926,3269.87,1051.04,3339.14,A,6,WT,hetero
548.318,-2297.27,-14.7529,3269.65,1049.11,3338.99,A,6,WT,hetero
554.756,-2295.32,-15.1804,3268.78,1048.0,3338.52,A,6,WT,hetero
553.315,-2297.25,-15.0195,3271.61,1049.76,3339.12,A,6,WT,hetero
546.853,-2297.96,-15.0196,3270.0,1051.2,3338.87,A,6,WT,hetero
547.238,-2296.88,-15.2739,3269.18,1050.96,3338.82,A,6,WT,hetero
552.857,-2296.01,-14.9909,3269.6,1048.61,3338.62,A,6,WT,hetero
553.564,-2296.4,-14.3885,3268.87,1050.58,3339.17,A,6,WT,hetero
535.718,-2292.34,-10.5001,3253.91,1046.49,3340.58,A,6,WT,hetero
537.158,-2293.27,-11.1717,3258.29,1047.83,3340.14,A,6,WT,hetero
537.126,-2292.21,-11.6179,3254.89,1048.57,3340.47,A,6,WT,hetero
540.723,-2292.16,-12.2736,3256.21,1043.39,3339.74,A,6,WT,hetero
537.904,-2294.86,-10.7525,3260.0,1048.75,3340.63,A,6,WT,hetero
537.54,-2293.57,-11.302,3258.45,1044.92,3339.86,A,6,WT,hetero
537.04,-2293.53,-11.1068,3257.09,1047.96,3340.13,A,6,WT,hetero
539.239,-2293.0,-11.92,3257.14,1045.61,3340.89,A,6,WT,hetero
537.537,-2290.93,-11.7239,3254.3,1043.41,3339.75,A,6,WT,hetero
534.43,-2296.49,-11.3471,3260.9,1050.17,3341.29,A,6,WT,hetero
528.452,-2293.1,-15.747,3257.0,1056.72,3339.57,A,6,WT,hetero
530.821,-2289.79,-13.8393,3250.78,1047.55,3338.73,A,6,WT,hetero
531.492,-2289.96,-14.3899,3249.84,1057.04,3340.68,A,6,WT,hetero
532.724,-2289.26,-14.6751,3250.26,1046.57,3338.8,A,6,WT,hetero
529.876,-2290.05,-15.8671,3250.3,1051.09,3339.11,A,6,WT,hetero
531.15,-2290.54,-14.942,3251.94,1051.42,3339.76,A,6,WT,hetero
529.44,-2291.76,-14.7317,3253.45,1053.19,3338.88,A,6,WT,hetero
531.725,-2289.61,-15.9447,3250.07,1047.64,3339.19,A,6,WT,hetero
528.238,-2289.75,-14.7856,3249.59,1051.85,3338.96,A,6,WT,hetero
524.019,-2291.41,-15.1469,3250.48,1054.2,3339.35,A,6,WT,hetero
562.589,-2295.16,-11.445,3271.03,1052.22,3343.22,A,6,WT,hetero
572.266,-2295.69,-9.97976,3273.43,1044.92,3342.38,A,6,WT,hetero
571.417,-2295.44,-9.48017,3272.56,1044.21,3341.24,A,6,WT,hetero
569.871,-2296.89,-8.67538,3273.18,1049.19,3341.16,A,6,WT,hetero
558.912,-2298.18,-11.3209,3274.54,1054.02,3341.68,A,6,WT,hetero
571.127,-2297.26,-10.3322,3275.54,1047.85,3342.54,A,6,WT,hetero
573.291,-2295.39,-9.57002,3272.91,1046.45,3342.86,A,6,WT,hetero
573.793,-2295.95,-7.71117,3272.11,1046.7,3341.76,A,6,WT,hetero
564.044,-2295.93,-9.74577,3271.8,1051.89,3342.2,A,6,WT,hetero
564.33,-2296.63,-10.078,3272.75,1051.94,3341.98,A,6,WT,hetero
556.169,-2295.02,-14.3624,3269.44,1050.45,3340.06,A,6,WT,hetero
565.847,-2294.6,-12.2238,3271.11,1043.2,3338.16,A,6,WT,hetero
565.921,-2294.78,-11.9518,3271.77,1044.16,3337.93,A,6,WT,hetero
564.481,-2293.45,-11.8166,3268.84,1045.19,3337.88,A,6,WT,hetero
555.38,-2295.4,-14.7183,3269.73,1048.29,3338.21,A,6,WT,hetero
566.608,-2294.61,-12.8022,3272.0,1045.02,3338.85,A,6,WT,hetero
567.837,-2294.17,-11.3814,3270.74,1044.14,3338.3,A,6,WT,hetero
566.988,-2294.28,-10.6686,3269.76,1045.01,3337.9,A,6,WT,hetero
558.497,-2294.19,-12.9773,3268.54,1048.91,3338.29,A,6,WT,hetero
558.547,-2294.44,-13.7753,3268.79,1047.83,3338.06,A,6,WT,hetero
514.432,-2296.47,-11.5937,3253.77,1049.55,3338.44,A,6,WT,hetero
525.659,-2295.82,-12.642,3254.97,1046.32,3337.42,A,6,WT,hetero
524.552,-2297.56,-12.6242,3257.23,1048.9,3337.19,A,6,WT,hetero
526.14,-2295.01,-13.2936,3254.08,1045.43,3338.38,A,6,WT,hetero
517.918,-2295.77,-11.2804,3251.98,1051.13,3337.09,A,6,WT,hetero
520.355,-2296.7,-11.8554,3256.61,1052.64,3335.85,A,6,WT,hetero
526.678,-2293.14,-11.2617,3252.47,1049.05,3335.2,A,6,WT,hetero
518.073,-2297.76,-11.8122,3255.48,1047.26,3338.2,A,6,WT,hetero
518.616,-2295.6,-11.814,3252.65,1048.77,3335.71,A,6,WT,hetero
524.623,-2296.66,-11.8368,3256.18,1048.21,3337.73,A,6,WT,hetero
521.651,-2293.06,-13.6952,3253.67,1056.46,3338.38,A,6,WT,hetero
524.72,-2291.39,-13.5305,3251.68,1050.65,3339.59,A,6,WT,hetero
527.104,-2292.81,-13.3588,3253.78,1051.43,3339.26,A,6,WT,hetero
527.494,-2291.63,-14.0543,3251.73,1050.51,3339.0,A,6,WT,hetero
523.514,-2292.52,-11.3472,3253.79,1055.35,3337.61,A,6,WT,hetero
525.825,-2293.69,-13.8728,3256.48,1051.71,3338.15,A,6,WT,hetero
529.269,-2290.92,-12.84,3251.43,1048.64,3337.92,A,6,WT,hetero
524.127,-2292.7,-12.9942,3254.02,1050.83,3337.45,A,6,WT,hetero
522.026,-2291.41,-13.3316,3250.69,1053.73,3337.96,A,6,WT,hetero
526.811,-2290.37,-12.6818,3250.43,1052.2,3338.04,A,6,WT,hetero
533.315,-2293.9,-2.87938,3252.3,1054.0,3344.69,A,6,WT,hetero
524.566,-2294.59,-0.383902,3254.42,1052.85,3340.77,A,6,WT,hetero
527.994,-2295.27,-2.37484,3256.12,1054.79,3342.29,A,6,WT,hetero
528.235,-2294.55,-2.09192,3253.72,1052.89,3341.13,A,6,WT,hetero
540.455,-2292.99,-0.968462,3254.62,1053.55,3342.89,A,6,WT,hetero
536.642,-2296.04,-2.48789,3259.67,1052.53,3340.68,A,6,WT,hetero
537.356,-2292.56,-2.57625,3252.58,1047.6,3341.01,A,6,WT,hetero
534.062,-2295.5,-1.0747,3257.52,1057.58,3342.51,A,6,WT,hetero
530.948,-2294.92,-1.74317,3255.36,1057.1,3343.37,A,6,WT,hetero
533.203,-2295.37,-1.88493,3255.78,1055.53,3341.35,A,6,WT,hetero
508.216,-2293.92,-14.1137,3249.04,1059.48,3339.51,A,6,WT,hetero
501.977,-2293.75,-13.4717,3248.37,1052.09,3336.84,A,6,WT,hetero
508.484,-2296.19,-14.2679,3252.69,1051.68,3337.53,A,6,WT,hetero
504.9,-2294.66,-13.9955,3249.86,1057.51,3338.98,A,6,WT,hetero
516.943,-2291.08,-14.1655,3246.58,1052.44,3339.11,A,6,WT,hetero
514.728,-2292.81,-14.7356,3248.86,1056.14,3339.16,A,6,WT,hetero
515.001,-2291.29,-13.2911,3247.24,1053.84,3338.42,A,6,WT,hetero
512.369,-2294.34,-14.2801,3249.69,1053.03,3338.77,A,6,WT,hetero
510.492,-2294.27,-14.1002,3250.17,1054.87,3339.02,A,6,WT,hetero
511.011,-2294.53,-13.4166,3249.42,1054.57,3337.9,A,6,WT,hetero
523.953,-2291.11,-7.37949,3247.13,1047.16,3344.11,A,6,WT,hetero
524.809,-2293.09,-6.90696,3251.53,1045.33,3344.18,A,6,WT,hetero
528.49,-2290.62,-7.87384,3248.3,1044.0,3343.1,A,6,WT,hetero
533.497,-2293.33,-7.41502,3253.85,1045.61,3344.56,A,6,WT,hetero
527.243,-2292.41,-7.3976,3250.47,1046.85,3343.41,A,6,WT,hetero
525.519,-2292.23,-6.85512,3250.09,1044.27,3342.35,A,6,WT,hetero
526.625,-2291.43,-7.11811,3249.08,1044.04,3341.63,A,6,WT,hetero
526.267,-2292.31,-7.5613,3249.02,1043.68,3342.34,A,6,WT,hetero
532.163,-2292.59,-6.68015,3251.8,1046.16,3343.14,A,6,WT,hetero
520.782,-2293.98,-6.04742,3251.68,1047.41,3343.85,A,6,WT,hetero
509.924,-2294.26,-13.6291,3249.09,1047.73,3339.36,A,6,WT,hetero
510.384,-2293.4,-13.5189,3248.23,1053.06,3339.71,A,6,WT,hetero
513.201,-2292.35,-13.6771,3249.22,1050.9,3338.5,A,6,WT,hetero
519.586,-2296.09,-13.4021,3255.24,1043.79,3338.5,A,6,WT,hetero
513.147,-2292.48,-13.8931,3248.66,1055.13,3338.42,A,6,WT,hetero
512.369,-2293.44,-13.0689,3250.29,1049.24,3338.38,A,6,WT,hetero
511.779,-2293.35,-12.3961,3250.95,1053.43,3338.62,A,6,WT,hetero
511.717,-2295.39,-12.8203,3251.38,1044.01,3337.0,A,6,WT,hetero
512.717,-2293.79,-13.7259,3252.68,1054.95,3339.36,A,6,WT,hetero
506.865,-2296.18,-12.7753,3253.13,1046.21,3338.11,A,6,WT,hetero
528.004,-2288.28,-8.88747,3238.25,1035.99,3344.42,J,4,E241A;E241A,homo
528.267,-2287.43,-7.20252,3237.41,1034.5,3342.5,J,4,E241A;E241A,homo
527.544,-2282.84,-6.42488,3230.83,1036.5,3341.82,J,4,E241A;E241A,homo
524.477,-2285.92,-7.14613,3234.48,1037.77,3343.19,J,4,E241A;E241A,homo
518.206,-2289.4,-7.41029,3238.68,1038.24,3342.73,J,4,E241A;E241A,homo
523.543,-2286.46,-7.25798,3235.39,1035.14,3342.57,J,4,E241A;E241A,homo
524.867,-2287.47,-6.98393,3236.74,1037.52,3343.24,J,4,E241A;E241A,homo
529.507,-2286.47,-5.98227,3235.15,1035.23,3341.43,J,4,E241A;E241A,homo
525.929,-2287.78,-7.52742,3237.05,1035.66,3343.51,J,4,E241A;E241A,homo
531.371,-2288.12,-8.39449,3239.55,1032.41,3342.92,J,4,E241A;E241A,homo
533.999,-2296.95,-10.3931,3258.56,1049.83,3339.55,I,4,E239K;E239K,homo
534.055,-2298.14,-10.357,3262.62,1048.63,3339.01,I,4,E239K;E239K,homo
531.116,-2297.45,-7.86423,3260.11,1055.19,3337.26,I,4,E239K;E239K,homo
527.737,-2300.46,-8.43602,3264.05,1058.16,3338.81,I,4,E239K;E239K,homo
524.532,-2298.46,-11.2384,3259.57,1051.58,3339.58,I,4,E239K;E239K,homo
529.574,-2301.21,-7.78476,3266.56,1053.79,3337.79,I,4,E239K;E239K,homo
532.213,-2302.08,-7.97386,3266.35,1055.75,3340.1,I,4,E239K;E239K,homo
536.992,-2298.52,-9.2703,3262.78,1048.84,3337.83,I,4,E239K;E239K,homo
529.868,-2297.86,-11.3251,3259.84,1048.5,3339.55,I,4,E239K;E239K,homo
533.704,-2299.62,-11.9813,3264.98,1049.86,3340.95,I,4,E239K;E239K,homo
528.137,-2294.22,-14.833,3255.28,1045.59,3338.51,H,4,E230K;E230K,homo
523.29,-2295.87,-14.0592,3254.07,1049.46,3338.2,H,4,E230K;E230K,homo
529.912,-2291.93,-15.6551,3251.55,1041.8,3338.52,H,4,E230K;E230K,homo
531.22,-2293.67,-14.7656,3254.9,1044.08,3338.19,H,4,E230K;E230K,homo
525.613,-2295.18,-15.3319,3255.6,1046.77,3338.98,H,4,E230K;E230K,homo
526.923,-2295.52,-14.7142,3258.03,1050.55,3339.31,H,4,E230K;E230K,homo
526.052,-2296.12,-14.8576,3256.06,1047.97,3340.0,H,4,E230K;E230K,homo
526.844,-2293.55,-15.6809,3253.0,1043.12,3337.96,H,4,E230K;E230K,homo
525.377,-2294.65,-15.559,3256.15,1047.68,3338.96,H,4,E230K;E230K,homo
525.801,-2294.33,-13.8165,3254.31,1046.92,3338.18,H,4,E230K;E230K,homo
529.304,-2291.0,-13.2374,3253.17,1053.53,3338.29,K,4,"K238E,E230K,E239K;K238E,E230K,E239K",homo
523.719,-2292.68,-13.4535,3251.62,1052.89,3338.02,K,4,"K238E,E230K,E239K;K238E,E230K,E239K",homo
531.429,-2289.88,-14.1607,3252.01,1046.61,3337.97,K,4,"K238E,E230K,E239K;K238E,E230K,E239K",homo
531.084,-2291.87,-15.1731,3255.07,1050.45,3339.32,K,4,"K238E,E230K,E239K;K238E,E230K,E239K",homo
527.347,-2292.39,-14.3267,3253.79,1052.75,3338.71,K,4,"K238E,E230K,E239K;K238E,E230K,E239K",homo
530.016,-2291.73,-12.1262,3255.11,1052.26,3338.15,K,4,"K238E,E230K,E239K;K238E,E230K,E239K",homo
530.014,-2291.84,-13.9121,3254.41,1055.0,3338.71,K,4,"K238E,E230K,E239K;K238E,E230K,E239K",homo
529.5,-2290.01,-13.4755,3250.63,1048.57,3338.12,K,4,"K238E,E230K,E239K;K238E,E230K,E239K",homo
528.57,-2291.14,-13.9705,3252.82,1052.6,3338.54,K,4,"K238E,E230K,E239K;K238E,E230K,E239K",homo
526.895,-2290.8,-12.9485,3250.66,1051.36,3337.57,K,4,"K238E,E230K,E239K;K238E,E230K,E239K",homo
516.946,-2292.78,-12.4954,3251.46,1062.28,3338.01,S,2,"E230K,E239K;E230K,E239K",homo
524.467,-2292.16,-12.9498,3252.06,1061.12,3337.76,S,2,"E230K,E239K;E230K,E239K",homo
519.265,-2293.89,-12.1894,3253.19,1065.33,3337.44,S,2,"E230K,E239K;E230K,E239K",homo
518.214,-2292.03,-13.9442,3250.6,1061.08,3337.75,S,2,"E230K,E239K;E230K,E239K",homo
523.94,-2294.57,-11.8295,3255.2,1061.22,3336.8,S,2,"E230K,E239K;E230K,E239K",homo
522.281,-2292.14,-13.0963,3251.55,1060.03,3338.05,S,2,"E230K,E239K;E230K,E239K",homo
525.347,-2292.13,-13.2786,3253.7,1062.02,3338.06,S,2,"E230K,E239K;E230K,E239K",homo
519.178,-2293.54,-12.4262,3252.7,1062.84,3337.55,S,2,"E230K,E239K;E230K,E239K",homo
523.639,-2292.5,-13.4852,3252.16,1060.83,3337.87,S,2,"E230K,E239K;E230K,E239K",homo
517.785,-2293.59,-12.1546,3252.9,1065.15,3337.42,S,2,"E230K,E239K;E230K,E239K",homo
527.869,-2289.86,-8.34199,3249.91,1061.36,3338.98,T,2,"K238E,E230K;K238E,E230K",homo
530.819,-2290.33,-13.2299,3248.99,1054.1,3339.02,T,2,"K238E,E230K;K238E,E230K",homo
527.414,-2290.41,-8.98841,3249.55,1063.87,3339.08,T,2,"K238E,E230K;K238E,E230K",homo
528.043,-2288.67,-9.58859,3247.64,1059.56,3338.68,T,2,"K238E,E230K;K238E,E230K",homo
530.202,-2289.99,-12.5637,3249.04,1054.86,3338.37,T,2,"K238E,E230K;K238E,E230K",homo
530.869,-2290.09,-12.2335,3248.73,1053.3,3338.85,T,2,"K238E,E230K;K238E,E230K",homo
531.558,-2289.17,-12.4806,3248.4,1055.48,3339.01,T,2,"K238E,E230K;K238E,E230K",homo
528.186,-2290.78,-10.9009,3250.05,1058.17,3338.61,T,2,"K238E,E230K;K238E,E230K",homo
531.651,-2290.1,-12.9006,3249.23,1056.8,3339.9,T,2,"K238E,E230K;K238E,E230K",homo
527.712,-2291.42,-11.148,3250.96,1060.11,3338.58,T,2,"K238E,E230K;K238E,E230K",homo
498.256,-2300.14,-18.4576,3255.99,1061.04,3342.0,U,2,"K238E,E239K;K238E,E239K",homo
508.088,-2299.18,-18.8237,3258.27,1057.69,3341.57,U,2,"K238E,E239K;K238E,E239K",homo
498.776,-2300.1,-17.5172,3256.82,1063.24,3341.77,U,2,"K238E,E239K;K238E,E239K",homo
522.751,-2296.17,-18.3468,3256.82,1055.5,3342.02,U,2,"K238E,E239K;K238E,E239K",homo
517.8,-2297.43,-17.5707,3257.55,1055.74,3342.24,U,2,"K238E,E239K;K238E,E239K",homo
505.3,-2298.28,-17.4076,3256.02,1061.17,3343.08,U,2,"K238E,E239K;K238E,E239K",homo
518.764,-2296.88,-19.1683,3257.81,1056.7,3341.98,U,2,"K238E,E239K;K238E,E239K",homo
508.49,-2297.97,-17.3937,3255.07,1055.46,3341.16,U,2,"K238E,E239K;K238E,E239K",homo
500.483,-2298.19,-18.1106,3254.03,1060.81,3341.41,U,2,"K238E,E239K;K238E,E239K",homo
510.634,-2299.75,-18.1549,3259.17,1059.11,3342.19,U,2,"K238E,E239K;K238E,E239K",homo
498.26,-2295.92,-14.442,3250.81,1052.48,3338.48,Z,0,K238Q;K238Q,homo
508.151,-2294.6,-13.3575,3250.74,1049.17,3338.84,Z,0,K238Q;K238Q,homo
499.153,-2295.92,-14.5497,3251.6,1054.39,3338.59,Z,0,K238Q;K238Q,homo
520.589,-2294.28,-14.0335,3254.14,1049.34,3339.63,Z,0,K238Q;K238Q,homo
516.379,-2293.56,-13.419,3251.79,1046.57,3339.43,Z,0,K238Q;K238Q,homo
504.795,-2295.25,-12.9094,3251.6,1051.75,3339.93,Z,0,K238Q;K238Q,homo
519.175,-2293.72,-13.3327,3250.84,1047.44,3339.89,Z,0,K238Q;K238Q,homo
506.861,-2293.25,-12.3164,3249.29,1057.16,3337.61,Z,0,K238Q;K238Q,homo
500.127,-2294.37,-13.2933,3249.56,1051.86,3337.75,Z,0,K238Q;K238Q,homo
508.403,-2293.36,-12.8068,3247.87,1055.62,3337.98,Z,0,K238Q;K238Q,homo
514.619,-2296.89,-8.10684,3252.11,1050.4,3334.81,X,0,K238A;K238A,homo
521.93,-2299.65,-8.42699,3259.02,1051.3,3336.27,X,0,K238A;K238A,homo
515.804,-2298.62,-8.0621,3254.35,1053.33,3334.19,X,0,K238A;K238A,homo
518.496,-2301.61,-9.7591,3262.39,1055.58,3335.41,X,0,K238A;K238A,homo
522.312,-2297.89,-8.21217,3254.19,1049.59,3336.22,X,0,K238A;K238A,homo
523.857,-2296.91,-7.44665,3253.39,1053.17,3334.58,X,0,K238A;K238A,homo
516.903,-2297.69,-8.86054,3253.83,1049.75,3334.28,X,0,K238A;K238A,homo
516.328,-2300.4,-8.56985,3256.4,1052.49,3334.85,X,0,K238A;K238A,homo
516.84,-2301.06,-9.00661,3259.37,1055.14,3336.27,X,0,K238A;K238A,homo
516.389,-2301.04,-8.05829,3257.54,1054.23,3335.56,X,0,K238A;K238A,homo
519.568,-2292.7,-11.6803,3250.55,1051.06,3337.08,Y,0,K238E;K238E,homo
523.011,-2293.39,-11.4919,3253.48,1055.7,3338.61,Y,0,K238E;K238E,homo
519.228,-2295.08,-11.9005,3254.16,1054.78,3337.57,Y,0,K238E;K238E,homo
519.895,-2292.65,-12.3591,3250.06,1053.88,3337.9,Y,0,K238E;K238E,homo
524.339,-2292.11,-11.4465,3249.47,1051.23,3337.99,Y,0,K238E;K238E,homo
523.733,-2291.72,-11.4413,3250.7,1055.07,3337.33,Y,0,K238E;K238E,homo
522.179,-2293.85,-11.3589,3252.43,1054.94,3339.92,Y,0,K238E;K238E,homo
520.663,-2294.65,-11.3346,3254.58,1063.42,3339.17,Y,0,K238E;K238E,homo
519.464,-2292.21,-11.941,3250.48,1057.13,3338.18,Y,0,K238E;K238E,homo
518.689,-2295.29,-11.297,3254.76,1056.13,3337.5,Y,0,K238E;K238E,homo
522.729,-2295.36,-8.57921,3256.11,1059.4,3340.9,A,6,WT,homo
523.624,-2294.33,-9.49903,3253.98,1058.09,3340.39,A,6,WT,homo
526.338,-2296.32,-7.92303,3254.12,1054.96,3341.91,A,6,WT,homo
517.866,-2297.78,-10.2429,3256.79,1057.7,3340.94,A,6,WT,homo
521.381,-2295.79,-8.94053,3255.82,1052.28,3341.14,A,6,WT,homo
522.769,-2297.7,-9.7876,3259.64,1059.53,3340.95,A,6,WT,homo
517.601,-2298.37,-8.34526,3259.19,1058.95,3340.89,A,6,WT,homo
519.012,-2296.43,-10.1797,3256.22,1058.48,3340.89,A,6,WT,homo
526.028,-2296.77,-8.25173,3259.09,1058.31,3340.76,A,6,WT,homo
517.043,-2298.19,-10.5604,3259.02,1054.61,3340.71,A,6,WT,homo
504.882,-2293.41,-13.2361,3247.82,1059.11,3338.98,A,6,WT,homo
506.828,-2292.13,-13.6159,3245.63,1056.53,3338.34,A,6,WT,homo
513.692,-2293.32,-13.7331,3247.48,1056.57,3338.68,A,6,WT,homo
501.808,-2295.18,-14.3746,3249.44,1060.23,3338.24,A,6,WT,homo
505.975,-2293.29,-13.9273,3247.33,1057.21,3338.32,A,6,WT,homo
510.891,-2295.72,-14.1528,3251.73,1053.34,3338.68,A,6,WT,homo
504.753,-2294.26,-14.1881,3248.44,1056.61,3338.34,A,6,WT,homo
506.513,-2292.68,-13.4348,3247.43,1055.58,3337.93,A,6,WT,homo
510.214,-2294.37,-14.3135,3250.04,1057.32,3339.44,A,6,WT,homo
502.307,-2294.46,-13.9516,3248.79,1058.27,3338.58,A,6,WT,homo
515.581,-2293.52,-15.4916,3249.64,1052.18,3341.63,A,6,WT,homo
524.874,-2294.23,-14.5889,3253.28,1049.2,3341.96,A,6,WT,homo
518.552,-2294.01,-14.2048,3250.77,1049.89,3342.47,A,6,WT,homo
524.396,-2293.04,-15.2393,3252.55,1046.9,3341.12,A,6,WT,homo
513.631,-2295.35,-15.4589,3253.77,1050.13,3340.95,A,6,WT,homo
519.21,-2294.31,-14.2078,3252.3,1049.43,3341.81,A,6,WT,homo
517.961,-2293.05,-14.8126,3250.8,1048.7,3341.7,A,6,WT,homo
510.196,-2294.65,-14.6216,3249.53,1051.49,3342.5,A,6,WT,homo
520.545,-2293.88,-14.2809,3251.89,1049.82,3342.2,A,6,WT,homo
516.679,-2294.63,-14.6955,3250.84,1051.29,3342.21,A,6,WT,homo
507.763,-2294.28,-13.3916,3249.54,1052.99,3337.91,A,6,WT,homo
514.913,-2293.25,-13.5675,3248.96,1055.2,3338.67,A,6,WT,homo
509.981,-2292.62,-13.0247,3247.8,1056.16,3338.36,A,6,WT,homo
517.144,-2293.38,-13.7932,3251.32,1048.1,3338.19,A,6,WT,homo
505.908,-2295.82,-13.9826,3252.22,1050.74,3338.77,A,6,WT,homo
510.613,-2293.41,-13.0265,3248.99,1057.72,3339.71,A,6,WT,homo
509.667,-2293.22,-13.9452,3249.72,1053.51,3338.31,A,6,WT,homo
503.672,-2295.82,-12.7866,3250.64,1050.48,3337.93,A,6,WT,homo
510.798,-2295.78,-13.7934,3253.37,1055.73,3339.34,A,6,WT,homo
510.123,-2296.25,-12.6677,3254.52,1063.37,3339.56,A,6,WT,homo
549.469,-2292.14,-4.10919,3253.64,1056.95,3347.04,A,6,WT,homo
542.507,-2293.15,-5.05555,3255.92,1058.52,3347.43,A,6,WT,homo
545.505,-2291.84,-4.39513,3253.22,1054.47,3346.61,A,6,WT,homo
541.892,-2292.53,-5.05886,3254.29,1057.14,3346.48,A,6,WT,homo
545.038,-2292.06,-4.56824,3253.67,1057.04,3345.24,A,6,WT,homo
546.728,-2294.91,-4.39815,3258.33,1059.57,3346.37,A,6,WT,homo
534.779,-2292.33,-5.0679,3251.99,1058.48,3346.8,A,6,WT,homo
540.85,-2291.59,-4.1518,3251.33,1056.32,3346.71,A,6,WT,homo
539.641,-2293.53,-4.76857,3254.19,1058.14,3346.16,A,6,WT,homo
542.838,-2294.41,-5.51284,3257.75,1058.36,3347.55,A,6,WT,homo
539.02,-2290.03,-10.8445,3250.4,1052.0,3337.79,A,6,WT,homo
530.76,-2291.45,-12.6098,3251.54,1053.7,3338.82,A,6,WT,homo
531.454,-2291.8,-12.284,3252.25,1051.23,3341.34,A,6,WT,homo
528.898,-2292.64,-12.1725,3252.42,1054.19,3339.01,A,6,WT,homo
534.195,-2292.32,-12.665,3253.2,1052.75,3338.63,A,6,WT,homo
536.252,-2291.6,-13.4051,3252.64,1054.11,3340.2,A,6,WT,homo
521.344,-2293.22,-11.9052,3250.55,1056.35,3338.95,A,6,WT,homo
527.498,-2292.27,-10.6087,3250.36,1053.08,3337.82,A,6,WT,homo
526.861,-2291.31,-13.2673,3250.16,1052.41,3338.52,A,6,WT,homo
531.365,-2292.36,-12.759,3253.86,1053.25,3338.84,A,6,WT,homo
553.162,-2283.46,-2.81162,3241.68,1040.01,3340.81,A,6,WT,homo
559.935,-2283.16,-2.60569,3242.7,1036.87,3339.82,A,6,WT,homo
549.718,-2284.53,-2.7249,3243.58,1041.34,3339.74,A,6,WT,homo
546.721,-2283.48,-3.83799,3240.99,1043.54,3340.96,A,6,WT,homo
556.618,-2283.73,-2.16532,3243.01,1036.4,3339.56,A,6,WT,homo
549.337,-2283.94,-3.2662,3241.25,1041.15,3341.23,A,6,WT,homo
551.528,-2284.19,-3.93349,3244.51,1039.98,3339.59,A,6,WT,homo
550.804,-2283.84,-2.50147,3241.52,1038.9,3339.85,A,6,WT,homo
555.725,-2284.46,-2.49793,3243.49,1034.31,3339.04,A,6,WT,homo
555.425,-2283.89,-3.08818,3244.47,1039.9,3339.76,A,6,WT,homo
537.105,-2291.77,-9.98486,3252.64,1052.9,3339.69,A,6,WT,homo
545.514,-2291.73,-9.79321,3255.71,1050.18,3339.64,A,6,WT,homo
532.946,-2292.47,-10.257,3253.57,1055.78,3340.56,A,6,WT,homo
531.366,-2293.08,-11.3473,3254.8,1057.96,3339.64,A,6,WT,homo
538.98,-2293.28,-10.7898,3255.84,1049.36,3338.96,A,6,WT,homo
532.855,-2293.52,-11.1325,3253.8,1056.54,3340.23,A,6,WT,homo
535.749,-2292.7,-12.187,3254.6,1050.73,3339.3,A,6,WT,homo
535.626,-2292.74,-9.82358,3253.35,1052.19,3339.87,A,6,WT,homo
538.97,-2291.61,-9.49379,3253.2,1047.54,3338.33,A,6,WT,homo
538.156,-2291.61,-10.1345,3254.68,1053.36,3340.06,A,6,WT,homo
555.48,-2289.82,4.13687,3249.95,1047.84,3344.63,A,6,WT,homo
553.5,-2289.57,2.77322,3249.7,1044.44,3343.06,A,6,WT,homo
554.615,-2288.62,3.51824,3247.49,1046.77,3344.42,A,6,WT,homo
555.519,-2290.13,3.61666,3252.66,1048.72,3344.08,A,6,WT,homo
544.452,-2290.13,2.69854,3249.33,1045.17,3344.06,A,6,WT,homo
553.34,-2290.08,3.02043,3251.72,1048.28,3343.54,A,6,WT,homo
550.612,-2289.31,3.62674,3249.02,1049.48,3344.52,A,6,WT,homo
552.828,-2288.41,3.73675,3247.94,1047.99,3343.26,A,6,WT,homo
546.599,-2290.08,2.75001,3247.61,1047.94,3344.4,A,6,WT,homo
551.42,-2291.09,3.16315,3254.71,1050.44,3343.4,A,6,WT,homo
524.016,-2291.39,-14.3846,3248.37,1054.22,3340.34,A,6,WT,homo
521.322,-2292.34,-14.0711,3249.8,1052.85,3339.31,A,6,WT,homo
520.249,-2292.49,-13.3964,3248.74,1056.02,3342.02,A,6,WT,homo
523.643,-2291.89,-13.443,3250.5,1056.9,3339.7,A,6,WT,homo
516.9,-2293.59,-12.6765,3249.42,1046.48,3339.13,A,6,WT,homo
523.015,-2291.63,-14.2073,3248.57,1052.75,3339.42,A,6,WT,homo
520.453,-2292.09,-12.5961,3247.81,1050.69,3339.43,A,6,WT,homo
520.247,-2290.43,-12.8444,3244.99,1053.69,3338.85,A,6,WT,homo
516.726,-2294.29,-12.1199,3249.26,1051.48,3338.3,A,6,WT,homo
522.266,-2291.54,-14.2675,3248.49,1053.3,3339.12,A,6,WT,homo
